{
  "zebra_features": [
    14481,
    11031,
    24134,
    4703,
    14710,
    7015,
    6803,
    26082,
    11948,
    13505,
    7304,
    10677,
    14986,
    8412,
    3671,
    21918,
    12590,
    24856,
    314,
    7252
  ],
  "selectivity_scores": [
    0.4589793086051941,
    0.37599632143974304,
    0.30287694931030273,
    0.22243785858154297,
    0.116961270570755,
    0.09391069412231445,
    0.09067374467849731,
    0.0900692567229271,
    0.06469204276800156,
    0.06455393135547638,
    0.06381422281265259,
    0.061433058232069016,
    0.061019644141197205,
    0.05471719801425934,
    0.05340409278869629,
    0.05295783281326294,
    0.0523623488843441,
    0.048596203327178955,
    0.04653984308242798,
    0.040044769644737244
  ],
  "num_discovery_imgs": 25
}